{
    "null": {
        "ES": 0
    },
    "Administra\u00e7\u00e3o": {
        "DF": 5229456.75,
        "EX": 161794.91,
        "PR": 3382.169999999999,
        "RJ": 10500000.0,
        "SC": 1660.92
    },
    "Agricultura": {
        "AL": 3939.0,
        "BA": 39957.94,
        "DF": 383000.0,
        "GO": 438750.0,
        "MA": 39000.0,
        "MS": 146250.0,
        "PA": 340860.0,
        "PR": 2916150.0,
        "SC": 879750.0,
        "SP": 292500.0
    },
    "Alimenta\u00e7\u00e3o e Nutri\u00e7\u00e3o": {
        "": 0
    },
    "Assist\u00eancia Social": {
        "AC": 39614.3,
        "AL": 7142970.18,
        "DF": 541779.0,
        "MA": 142092.52000000002,
        "PB": 255585.88,
        "PE": 9000000.0,
        "RJ": 483275.61000000004
    },
    "Ci\u00eancia e Tecnologia": {
        "AL": 514500.0,
        "AM": 6639064.11,
        "BA": 3432806.55,
        "CE": 285031.07,
        "DF": 33036.09,
        "ES": 233990.40000000002,
        "MA": 101420.4,
        "MG": 6949874.529999999,
        "MS": 1889600.98,
        "MT": 144000.0,
        "PA": 2195547.2199999997,
        "PB": 1000000.0,
        "PE": 3174507.19,
        "PI": 751404.0,
        "PR": 2309134.0300000003,
        "RJ": 17510006.990000002,
        "RN": 287665.04000000004,
        "RS": 252092.22000000003,
        "SC": 1135983.78,
        "SE": 60000.0,
        "SP": 42732105.419999994
    },
    "Comunica\u00e7\u00f5es": {
        "RJ": 2000000.0,
        "SP": 1400000.0
    },
    "Com\u00e9rcio e Servi\u00e7os": {
        "AL": 23010.0,
        "AM": 199500.0,
        "BA": 298418.48,
        "CE": 49403.25,
        "GO": 76733.15,
        "MA": 65587.5,
        "MS": 46702.5,
        "MT": 128181.54,
        "PR": 41184.0,
        "RN": 12040.75,
        "RS": 21323.25,
        "SC": 23351.0,
        "SE": 119616.75,
        "SP": 207467.0
    },
    "Cultura": {
        "BA": 645000.0,
        "CE": 148793.14,
        "GO": 903918.78,
        "MA": 98219.4,
        "MG": 1837707.4700000002,
        "MS": 544588.1599999999,
        "PA": 186042.0,
        "PB": 583129.46,
        "PI": 180050.0,
        "PR": 2150354.23,
        "RJ": 771734.3,
        "RN": 78046.35,
        "RO": 465477.0,
        "RS": 324297.89,
        "SC": 445981.08999999997,
        "SP": 2622349.05
    },
    "DESCRI\u00c7\u00c3O PENDENTE DE DEFINI\u00c7\u00c3O": {
        "": 0
    },
    "Defesa Nacional": {
        "MS": 4000000.0,
        "RJ": 1432000.0
    },
    "Desporto e Lazer": {
        "AC": 50797.5,
        "BA": 81000.0,
        "CE": 942446.1,
        "DF": 5405908.29,
        "ES": 20884.5,
        "GO": 53488.5,
        "MG": 42237.009999999995,
        "MS": 17862.0,
        "MT": 753724.5700000001,
        "OM": 46805.85,
        "PA": 146250.0,
        "PE": 87750.0,
        "PI": 639920.0,
        "PR": 165817.34,
        "RJ": 7772998.989999999,
        "RN": 37513.12,
        "RO": 171478.13,
        "RS": 73963.51,
        "SC": 39614.25,
        "SE": 31000.0,
        "SP": 1960938.35
    },
    "Direitos da Cidadania": {
        "AC": 100000.0,
        "AL": 450000.0,
        "AM": 40.0,
        "DF": 2031000.0,
        "PA": 872285.8400000001,
        "RJ": 250876.8,
        "RS": 1378343.53,
        "SC": 133596.53,
        "SP": 250000.0,
        "TO": 14400.0
    },
    "Educa\u00e7\u00e3o": {
        "AC": 3230138.0100000002,
        "AL": 17055253.96,
        "AM": 13408051.89,
        "AP": 2620672.86,
        "BA": 44111871.689999945,
        "CE": 31568309.650000017,
        "DF": 687023974.45,
        "ES": 6412855.989999997,
        "EX": 21665.82,
        "GO": 21103484.100000005,
        "MA": 26538434.149999995,
        "MG": 50667391.44999996,
        "MS": 10900510.040000001,
        "MT": 11540615.039999997,
        "PA": 36471425.06999998,
        "PB": 12703694.520000005,
        "PE": 33143777.460000005,
        "PI": 18550500.650000006,
        "PR": 28693673.690000027,
        "RJ": 135995077.8899999,
        "RN": 8903666.829999994,
        "RO": 5516829.949999999,
        "RR": 1789844.5999999996,
        "RS": 20385345.73000001,
        "SC": 20149742.289999995,
        "SE": 7215679.650000001,
        "SP": 77116933.66000003,
        "TO": 8901631.359999998
    },
    "Encargos Especiais": {
        "AC": 135648983.52000007,
        "AL": 169361360.09999985,
        "AM": 155701858.87,
        "AP": 137535550.99,
        "BA": 500492226.8400001,
        "CE": 310790884.55999994,
        "DF": 109113500.22999997,
        "ES": 155124282.0400001,
        "EX": 5652.45,
        "GO": 146891964.18999982,
        "MA": 311808097.00000036,
        "MG": 389781736.65999997,
        "MS": 69316590.37999997,
        "MT": 113529492.10999998,
        "PA": 322608785.99999994,
        "PB": 195418816.84000018,
        "PE": 304486145.7899999,
        "PI": 175676761.7,
        "PR": 222886979.13,
        "RJ": 454675980.7799998,
        "RN": 188599390.28999984,
        "RO": 115291362.01999997,
        "RR": 98660208.52,
        "RS": 201655680.26000017,
        "SC": 114817237.42000009,
        "SE": 173985987.01999995,
        "SP": 528791602.03999954,
        "TO": 173427320.3900002
    },
    "Energia": {
        "CE": 47633.25,
        "DF": 163670.18,
        "GO": 38750.35,
        "MS": 18859.77,
        "MT": 48257.72,
        "PA": 22561.39,
        "PE": 97169.73000000001,
        "RN": 59538.4,
        "RS": 1456.4,
        "SC": 32628.77,
        "SP": 109437.15
    },
    "Gest\u00e3o Ambiental": {
        "AL": 80879938.61,
        "DF": 1599800.0,
        "MT": 872000.0,
        "PB": 98288970.12,
        "PI": 11535188.870000001
    },
    "Habita\u00e7\u00e3o": {
        "BA": 310552.76,
        "CE": 356160.8,
        "PA": 3651706.32,
        "PR": 147155.1,
        "SC": 172456.32
    },
    "Ind\u00fastria": {
        "AL": 579372.0,
        "AM": 745816.69,
        "BA": 859512.23,
        "CE": 56435.17,
        "EX": 202000.0,
        "MA": 500000.0,
        "MT": 1591411.0,
        "PA": 436988.95999999996,
        "PR": 770000.0,
        "RJ": 133333.0,
        "RS": 1000000.0
    },
    "Legislativa": {
        "DF": 2853541.29
    },
    "Organiza\u00e7\u00e3o Agr\u00e1ria": {
        "AM": 10000000.0,
        "PA": 170044.79,
        "PR": 458301.73,
        "RR": 2439748.23
    },
    "Rela\u00e7\u00f5es Exteriores": {
        "DF": 185244.1
    },
    "Saneamento": {
        "BA": 9591831.57,
        "GO": 277529.88,
        "MA": 7674.39,
        "MG": 2492536.94,
        "MS": 1236588.33,
        "PA": 1806824.72,
        "PE": 13573861.43,
        "PI": 703330.64,
        "PR": 693174.5,
        "RJ": 23008803.180000003,
        "RN": 2116800.0,
        "RR": 3379460.4200000004,
        "RS": 811869.9099999999,
        "SC": 2719738.69,
        "SE": 2431901.64,
        "SP": 4606629.0
    },
    "Sa\u00fade": {
        "AC": 1514333.66,
        "AL": 1608333.3399999999,
        "AM": 848750.0,
        "BA": 1654250.71,
        "CE": 2520630.84,
        "DF": 34067392.31,
        "ES": 50000.0,
        "GO": 1336516.42,
        "MA": 23875444.2,
        "MG": 10492965.81,
        "MS": 1435426.8099999998,
        "MT": 18191744.520000003,
        "PA": 2573988.67,
        "PB": 1847183.19,
        "PE": 19162.15,
        "PI": 2494130.45,
        "PR": 1058128.65,
        "RJ": 49000.0,
        "RN": 907448.89,
        "RO": 897166.66,
        "RS": 1666419.26,
        "SC": 1835132.31,
        "SE": 2629271.67,
        "SP": 10324706.64,
        "TO": 1186814.0
    },
    "Seguran\u00e7a P\u00fablica": {
        "AC": 6453196.65,
        "BA": 1455260.1500000001,
        "DF": 318.64,
        "GO": 701742.78,
        "MG": 1300000.0,
        "MS": 3364202.83,
        "PR": 896662.74,
        "RJ": 12437565.32,
        "RS": 1138333.18,
        "SC": 88850.0,
        "TO": 146553.0
    },
    "Trabalho": {
        "DF": 2700000.0,
        "MG": 250000.0,
        "MT": 1241220.0,