{
    "null": {
        "ES": 0
    },
    "Abastecimento": {
        "": 0
    },
    "Administra\u00e7\u00e3o": {
        "AC": 1249178.49,
        "AM": 547799.2,
        "BA": 274109.25,
        "CE": 1128016.9700000002,
        "DF": 40183956.459999986,
        "ES": 309950.00000000006,
        "EX": 644154.6,
        "GO": 1915202.0,
        "MA": 317203.48,
        "MG": 3152552.4099999997,
        "MS": 1981469.68,
        "MT": 1147022.4,
        "PE": 398201.4,
        "PI": 7107156.53,
        "PR": 2555676.7399999998,
        "RJ": 66732415.60000001,
        "RR": 263693.28,
        "RS": 2955568.68,
        "SC": 1951949.7200000002,
        "SE": 328248.0,
        "SP": 11276895.079999998,
        "TO": 1108000.0
    },
    "Agricultura": {
        "AC": 7248123.13,
        "AL": 12024386.08,
        "AM": 8921250.0,
        "AP": 877500.0,
        "BA": 36133864.199999996,
        "CE": 7755016.199999999,
        "DF": 26566973.26,
        "ES": 22085858.25,
        "GO": 35615989.06,
        "MA": 14816531.18,
        "MG": 71228587.96999998,
        "MS": 27850016.75,
        "MT": 17628384.290000003,
        "PA": 22134974.47,
        "PB": 18692719.999999996,
        "PE": 20124613.380000003,
        "PI": 3001150.8,
        "PR": 55150564.93000001,
        "RJ": 22429770.07,
        "RN": 9708220.99,
        "RO": 16261042.28,
        "RR": 5360051.95,
        "RS": 52854787.31999999,
        "SC": 33431084.08,
        "SE": 7003000.88,
        "SP": 31478599.929999996,
        "TO": 22294539.310000002
    },
    "Alimenta\u00e7\u00e3o e Nutri\u00e7\u00e3o": {
        "": 0
    },
    "Assist\u00eancia Comunit\u00e1ria": {
        "": 0
    },
    "Assist\u00eancia Social": {
        "AC": 8233086.529999999,
        "AL": 67148804.30000003,
        "AM": 4443811.369999999,
        "AP": 2565775.8899999997,
        "BA": 98916693.40000015,
        "CE": 172746323.6800004,
        "DF": 15641788.33,
        "ES": 9476659.590000004,
        "GO": 11568866.790000014,
        "MA": 43587637.84000004,
        "MG": 131678680.64999987,
        "MS": 6940755.840000004,
        "MT": 7481039.069999993,
        "PA": 21037347.3,
        "PB": 59979568.97999993,
        "PE": 346491180.14,
        "PI": 31701991.82999997,
        "PR": 61402957.80999992,
        "RJ": 22199795.03999999,
        "RN": 26911835.299999986,
        "RO": 2549328.730000001,
        "RR": 3879515.120000001,
        "RS": 19313234.52999996,
        "SC": 12146353.089999977,
        "SE": 5366254.299999992,
        "SP": 71168582.87999994,
        "TO": 12390197.91999998
    },
    "Ci\u00eancia e Tecnologia": {
        "AC": 286357.08,
        "AL": 10074661.09,
        "AM": 38996246.89000001,
        "BA": 26339569.399999995,
        "CE": 28556456.39,
        "DF": 68367724.94000006,
        "ES": 4846377.59,
        "EX": 147984.38,
        "GO": 18127232.05,
        "MA": 8059793.320000001,
        "MG": 132925159.41000006,
        "MS": 11324087.14,
        "MT": 19465301.3,
        "PA": 19781396.29,
        "PB": 13856565.95,
        "PE": 44690549.629999995,
        "PI": 4734737.2,
        "PR": 59124398.29000001,
        "RJ": 280490349.4300001,
        "RN": 11343506.96,
        "RO": 895511.86,
        "RS": 92538423.62000003,
        "SC": 40946739.37999999,
        "SE": 10190290.549999999,
        "SP": 408623776.6800002,
        "TO": 2701637.1399999997
    },
    "Comunica\u00e7\u00f5es": {
        "AM": 1760225.01,
        "BA": 399772.0,
        "CE": 580482.71,
        "DF": 2884765.56,
        "MG": 1379156.21,
        "PA": 399981.04,
        "PE": 6651046.64,
        "PR": 1670209.6,
        "RJ": 2000000.0,
        "RS": 2220509.68,
        "SC": 610650.6,
        "SP": 51536226.93
    },
    "Com\u00e9rcio e Servi\u00e7os": {
        "AC": 799027.63,
        "AL": 49392145.21,
        "AM": 4689237.5,
        "AP": 454008.75,
        "BA": 37704243.57999999,
        "CE": 111455103.38,
        "DF": 1311051.9400000002,
        "ES": 6912284.46,
        "GO": 33640365.75999999,
        "MA": 62425691.960000016,
        "MG": 49190133.71000001,
        "MS": 33811169.78,
        "MT": 27776984.499999993,
        "PA": 7425692.95,
        "PB": 38343215.97999999,
        "PE": 53571655.75000001,
        "PI": 30096747.18999999,
        "PR": 62044273.760000005,
        "RJ": 28624748.450000007,
        "RN": 23843431.240000002,
        "RO": 6441055.130000001,
        "RR": 17406250.05,
        "RS": 64506328.01000007,
        "SC": 42489801.85999999,
        "SE": 50542505.1,
        "SP": 157654040.25999993,
        "TO": 10227988.34
    },
    "Cultura": {
        "AC": 750000.0,
        "AL": 5023900.0,
        "AM": 2144222.48,
        "AP": 202000.0,
        "BA": 21134371.66,
        "CE": 19863738.330000002,
        "DF": 28828035.96,
        "ES": 2321850.0,
        "EX": 3960557.65,
        "GO": 7178750.46,
        "MA": 2834732.1700000004,
        "MG": 17222669.159999996,
        "MS": 3778607.64,
        "MT": 2843939.8400000003,
        "PA": 9445875.86,
        "PB": 2666490.37,
        "PE": 9847811.66,
        "PI": 992426.46,
        "PR": 15770659.030000001,
        "RJ": 25425276.540000007,
        "RN": 5422308.74,
        "RO": 1505773.66,
        "RR": 900000.0,
        "RS": 26611996.390000004,
        "SC": 9117741.61,
        "SE": 966665.43,
        "SP": 50514105.120000005,
        "TO": 3227666.0500000003
    },
    "DESCRI\u00c7\u00c3O PENDENTE DE DEFINI\u00c7\u00c3O": {
        "": 0
    },
    "Defesa Civil": {
        "": 0
    },
    "Defesa Nacional": {
        "AC": 22770000.0,
        "AM": 14400000.0,
        "AP": 13532100.0,
        "DF": 9140.0,
        "MS": 4000000.0,
        "PA": 300000.0,
        "RJ": 110946609.6,
        "RO": 35036245.66,
        "RR": 21583893.119999997,
        "RS": 2074979.28,
        "SC": 504129.14,
        "SP": 530738.72,
        "TO": 3227217.81
    },
    "Desporto e Lazer": {
        "AC": 6190720.2,
        "AL": 3618793.2699999996,
        "AM": 14764539.87,
        "AP": 2647277.94,
        "BA": 32176519.350000013,
        "CE": 33371244.089999996,
        "DF": 32516435.33,
        "ES": 16012951.02,
        "GO": 7678663.21,
        "MA": 25559333.419999998,
        "MG": 29853780.84999999,
        "MS": 8721093.41,
        "MT": 4903000.699999999,
        "OM": 46805.85,
        "PA": 2709060.58,
        "PB": 7320361.54,
        "PE": 12586136.16,
        "PI": 16884673.400000002,
        "PR": 22741031.300000012,
        "RJ": 45345533.35,
        "RN": 11666567.080000004,
        "RO": 5674652.049999999,
        "RR": 4990623.67,
        "RS": 45209067.740000024,
        "SC": 8450393.899999999,
        "SE": 15134394.56,
        "SP": 49823454.67000002,
        "TO": 2977164.99
    },
    "Direitos da Cidadania": {
        "AC": 13534194.55,
        "AL": 10399252.120000001,
        "AM": 4977535.5,
        "AP": 2121758.8,
        "BA": 23163077.46,
        "CE": 12248447.93,
        "DF": 33092959.410000004,
        "ES": 4665174.779999999,
        "GO": 46821483.79000001,
        "MA": 6153848.27,
        "MG": 11315182.32,
        "MS": 10416270.62,
        "MT": 21048608.8,
        "PA": 13877997.43,
        "PB": 7974063.45,
        "PE": 22796849.35,
        "PI": 5875720.77,
        "PR": 5216600.79,
        "RJ": 19871321.659999996,
        "RN": 2036628.82,
        "RO": 7786210.04,
        "RR": 100000.0,
        "RS": 30195677.810000006,
        "SC": 7360426.79,
        "SE": 19023803.2,
        "SP": 20678323.85,
        "TO": 2757513.1300000004
    },
    "Educa\u00e7\u00e3o": {
        "AC": 113819336.34999974,
        "AL": 265683790.13999492,
        "AM": 285538570.28999645,
        "AP": 61268324.42000013,
        "BA": 1248398034.9700508,
        "CE": 764467556.2700468,
        "DF": 12104627463.40005,
        "ES": 160688857.58999866,
        "EX": 21665.82,
        "GO": 423358924.62999886,
        "MA": 587109150.8800259,